                  epoch,         train/box_loss,         train/cls_loss,         train/dfl_loss,   metrics/precision(B),      metrics/recall(B),       metrics/mAP50(B),    metrics/mAP50-95(B),           val/box_loss,           val/cls_loss,           val/dfl_loss,                 lr/pg0,                 lr/pg1,                 lr/pg2
                      1,                  3.127,                 4.0818,                 3.7075,                0.20501,                0.04455,                0.01397,                0.00541,                 2.4651,                 4.1756,                 3.2007,             0.00033258,             0.00033258,             0.00033258
                      2,                 2.0933,                 3.2615,                 2.5297,                0.26603,                0.10339,                0.05221,                0.02499,                 2.0368,                 3.3928,                 2.5877,             0.00044616,             0.00044616,             0.00044616
                      3,                 1.7604,                 2.8589,                 2.1529,                0.32274,                0.14701,                 0.0792,                0.04074,                 1.8898,                 2.9898,                 2.4435,             0.00033975,             0.00033975,             0.00033975
